{
  "elo_config": {
    "competition_k_factors": {
      "continental_championship": 50.0,
      "continental_qualifier": 40.0,
      "friendly": 20.0,
      "nations_league": 30.0,
      "world_cup": 60.0,
      "world_cup_qualifier": 40.0
    },
    "default_k_factor": 20.0,
    "home_advantage_points": 100.0,
    "initial_rating": 1500.0,
    "rating_scale": 400.0
  },
  "model_config": {
    "max_goals": 10,
    "time_decay_half_life_days": 1095.0
  },
  "model_version": "elo_poisson_v1",
  "parameters": {
    "base_log_goal_rate": 0.10722163811295107,
    "elo_coefficient": 0.7397068990499586,
    "home_advantage": 0.2308953003313236,
    "time_decay_xi": 0.0006330111237990368
  },
  "ratings": {
    "Abkhazia": 1607.6377412319928,
    "Afghanistan": 1188.1989418102314,
    "Albania": 1665.7496213188558,
    "Alderney": 1108.3043762383898,
    "Algeria": 1849.2505517949091,
    "Ambazonia": 1421.4191251376692,
    "American Samoa": 999.0519376192806,
    "Andalusia": 1589.1671164427914,
    "Andorra": 1136.834444636243,
    "Angola": 1587.293921777339,
    "Anguilla": 907.1354083008507,
    "Antigua and Barbuda": 1133.5838785266635,
    "Arameans Suryoye": 1529.8625777787765,
    "Argentina": 2225.824352551986,
    "Armenia": 1433.9762666485092,
    "Artsakh": 1555.7686485624217,
    "Aruba": 1201.233933752594,
    "Asturias": 1520.5297736017358,
    "Australia": 1895.4318686933098,
    "Austria": 1881.4030635521058,
    "Aymara": 1475.2990606984022,
    "Azerbaijan": 1390.8174018348036,
    "Bahamas": 997.109179080023,
    "Bahrain": 1525.5853502369896,
    "Bangladesh": 1137.1608496782085,
    "Barawa": 1384.0259530755561,
    "Barbados": 1142.0642229808072,
    "Basque Country": 1791.044975622137,
    "Belarus": 1576.6270078271423,
    "Belgium": 2029.9628675726203,
    "Belize": 1276.2502260934907,
    "Benin": 1527.8376593082062,
    "Bermuda": 1336.209332080335,
    "Bhutan": 896.4274085696652,
    "Biafra": 1509.9501389487539,
    "Bolivia": 1713.061764931222,
    "Bonaire": 1155.6286617048747,
    "Bosnia and Herzegovina": 1668.1746749838414,
    "Botswana": 1380.7108378329578,
    "Brazil": 2070.5196151759537,
    "British Virgin Islands": 1009.5451993424529,
    "Brittany": 1505.9865866848902,
    "Brunei": 902.8105860404645,
    "Bulgaria": 1518.573104129214,
    "Burkina Faso": 1647.190810149256,
    "Burundi": 1381.8778000762732,
    "Cambodia": 1077.5809748764,
    "Cameroon": 1715.9034909244722,
    "Canada": 1833.9846518612849,
    "Canary Islands": 1514.4162337892756,
    "Cape Verde": 1692.208400251479,
    "Cascadia": 1531.59055648523,
    "Catalonia": 1650.376243775774,
    "Cayman Islands": 1049.6255430477117,
    "Central African Republic": 1355.4958970225503,
    "Central Spain": 1495.317158400716,
    "Chad": 1242.6726562515416,
    "Chagos Islands": 1383.6650267409489,
    "Chameria": 1570.500958061852,
    "Chechnya": 1451.16830189435,
    "Chile": 1804.5129740712646,
    "China": 1543.419081720092,
    "Cilento": 1490.499576220903,
    "Colombia": 2078.032214188023,
    "Comoros": 1497.9799375273383,
    "Congo": 1328.192283907327,
    "Cook Islands": 1146.3961017615247,
    "Corsica": 1549.0460862890318,
    "Costa Rica": 1739.8838005497812,
    "County of Nice": 1599.2983136628504,
    "Crimea": 1500.9479498935937,
    "Croatia": 1932.7528203969393,
    "Cuba": 1384.4409134036212,
    "Cura\u00e7ao": 1600.3363854481013,
    "Cyprus": 1361.5985748737764,
    "Czech Republic": 1742.7233671523559,
    "Czechoslovakia": 1790.436206372198,
    "DR Congo": 1804.0373525820958,
    "Darfur": 1331.484560896875,
    "Denmark": 1907.3797444422046,
    "Djibouti": 1110.4754914437528,
    "Dominica": 1178.4528234972738,
    "Dominican Republic": 1461.351355018886,
    "Donetsk PR": 1510.5427639420548,
    "D\u00e9lvid\u00e9k": 1498.8896708628345,
    "East Turkestan": 1464.897934272297,
    "Ecuador": 1957.3198692502765,
    "Egypt": 1863.4845603097367,
    "El Salvador": 1484.3158566733932,
    "Elba Island": 1515.009903299298,
    "Ellan Vannin": 1525.5331907570826,
    "England": 2139.253944223917,
    "Equatorial Guinea": 1441.4977637217157,
    "Eritrea": 1215.6751394366272,
    "Estonia": 1406.8166855945572,
    "Eswatini": 1303.076152654172,
    "Ethiopia": 1391.7166001668786,
    "Falkland Islands": 1272.6183222348957,
    "Faroe Islands": 1426.7553643597018,
    "Felvid\u00e9k": 1494.3301084440786,
    "Fiji": 1436.247508870274,
    "Finland": 1593.0504800403644,
    "France": 2221.959890280229,
    "Franconia": 1493.0543322263923,
    "French Guiana": 1444.6111484178894,
    "Fr\u00f8ya": 1264.2174439264475,
    "Gabon": 1518.3418566909065,
    "Galicia": 1524.893710625649,
    "Gambia": 1536.5045950946976,
    "Georgia": 1696.082220004723,
    "German DR": 1723.771906091318,
    "Germany": 1983.0148746265968,
    "Ghana": 1674.8573541466913,
    "Gibraltar": 1137.9015040338263,
    "Gotland": 1463.0090116521908,
    "Gozo": 1479.4301128317566,
    "Greece": 1779.3878009018833,
    "Greenland": 1456.351820725261,
    "Grenada": 1289.3505663306,
    "Guadeloupe": 1510.502674013464,
    "Guam": 970.8385543244448,
    "Guatemala": 1637.0235319857761,
    "Guernsey": 1726.8590556104075,
    "Guinea": 1577.9358457163003,
    "Guinea-Bissau": 1358.763232283968,
    "Guyana": 1468.4816676815044,
    "G\u0103g\u0103uzia": 1451.2974905704011,
    "Haiti": 1654.0939092407677,
    "Hitra": 1374.5255661731605,
    "Hmong": 1475.1546653537664,
    "Honduras": 1696.256558119004,
    "Hong Kong": 1289.5938852413258,
    "Hungary": 1762.9780461618043,
    "Iceland": 1628.683085921133,
    "India": 1244.3481670111728,
    "Indonesia": 1512.4319887847348,
    "Iran": 1893.4994017227793,
    "Iraq": 1675.031906927866,
    "Iraqi Kurdistan": 1607.2683919239018,
    "Isle of Man": 1673.5428203542574,
    "Isle of Wight": 1626.551620884878,
    "Israel": 1680.3843868905813,
    "Italy": 1910.7695698549776,
    "Ivory Coast": 1838.4001028106297,
    "Jamaica": 1651.2579359142442,
    "Japan": 1961.8814311023848,
    "Jersey": 1766.9225446826397,
    "Jordan": 1700.2832966766748,
    "Kabylia": 1467.1231761408085,
    "Kazakhstan": 1496.0037966774598,
    "Kenya": 1455.2653214570853,
    "Kernow": 1592.4725822097612,
    "Kiribati": 1286.9382943132584,
    "Kosovo": 1751.479437006722,
    "Kurdistan": 1545.3881884072048,
    "Kuwait": 1471.126967815349,
    "Kyrgyzstan": 1456.0098470192927,
    "K\u00e1rp\u00e1talja": 1582.4384993110682,
    "Laos": 955.2825045412483,
    "Latvia": 1339.8378687013392,
    "Lebanon": 1437.9392859030097,
    "Lesotho": 1411.5746589699668,
    "Liberia": 1435.6284968675732,
    "Libya": 1526.771206098999,
    "Liechtenstein": 987.973694573749,
    "Lithuania": 1343.6764854754815,
    "Luhansk PR": 1489.7332600709285,
    "Luxembourg": 1458.9367509750966,
    "Macau": 845.3842345038928,
    "Madagascar": 1507.2736886805938,
    "Madrid": 1489.3834178992688,
    "Malawi": 1434.3554268789235,
    "Malaysia": 1479.61476807825,
    "Maldives": 1020.9988740379546,
    "Mali": 1705.9651750793448,
    "Malta": 1345.3061754623418,
    "Manchukuo": 1431.22695649455,
    "Mapuche": 1505.4316155249799,
    "Marshall Islands": 1444.9697402979855,
    "Martinique": 1483.5535417543847,
    "Matabeleland": 1489.301589356058,
    "Maule Sur": 1519.269323776618,
    "Mauritania": 1440.616086951935,
    "Mauritius": 1196.4825001652184,
    "Mayotte": 1448.9217309788844,
    "Menorca": 1555.0596572137695,
    "Mexico": 2004.8782753796838,
    "Micronesia": 1367.4518065782036,
    "Moldova": 1306.4518544679208,
    "Monaco": 1460.3352845474253,
    "Mongolia": 996.500694364636,
    "Montenegro": 1509.959343122054,
    "Montserrat": 1233.8429309359337,
    "Morocco": 2018.8467581639238,
    "Mozambique": 1490.130885645974,
    "Myanmar": 1145.4870207516974,
    "Namibia": 1422.0123529966977,
    "Nepal": 1111.3575416934323,
    "Netherlands": 2037.011303151677,
    "New Caledonia": 1582.8476111495265,