{
  "elo_config": {
    "competition_k_factors": {
      "continental_championship": 50.0,
      "continental_qualifier": 40.0,
      "friendly": 20.0,
      "nations_league": 30.0,
      "world_cup": 60.0,
      "world_cup_qualifier": 40.0
    },
    "default_k_factor": 20.0,
    "home_advantage_points": 100.0,
    "initial_rating": 1500.0,
    "rating_scale": 400.0
  },
  "model_config": {
    "max_goals": 10,
    "time_decay_half_life_days": 1095.0
  },
  "model_version": "elo_poisson_v1",
  "parameters": {
    "base_log_goal_rate": -0.011025601977313745,
    "elo_coefficient": 1.655825713809224,
    "home_advantage": 0.25197702521350906,
    "time_decay_xi": 0.0006330111237990368
  },
  "ratings": {
    "Atlas": 1658.3681617690236,
    "Boreal": 1448.1985587489942,
    "Comet": 1509.0349159548275,
    "Draco": 1384.3983635271547
  },
  "trained_through": "2025-10-15"
}