{
  "elo_config": {
    "competition_k_factors": {
      "continental_championship": 50.0,
      "continental_qualifier": 40.0,
      "friendly": 20.0,
      "nations_league": 30.0,
      "world_cup": 60.0,
      "world_cup_qualifier": 40.0
    },
    "default_k_factor": 20.0,
    "home_advantage_points": 100.0,
    "initial_rating": 1500.0,
    "rating_scale": 400.0
  },
  "model_config": {
    "max_goals": 10,
    "time_decay_half_life_days": 1095.0
  },
  "model_version": "elo_poisson_v1",
  "parameters": {
    "base_log_goal_rate": 0.11025449334752124,
    "elo_coefficient": 0.739674997635541,
    "home_advantage": 0.22787375406795513,
    "time_decay_xi": 0.0006330111237990368
  },
  "ratings": {
    "Abkhazia": 1607.0450614166843,
    "Afghanistan": 1188.2342180439211,
    "Albania": 1665.8849358393506,
    "Alderney": 1108.3116252887137,
    "Algeria": 1849.3112182120576,
    "Ambazonia": 1419.9728738941676,
    "American Samoa": 999.0543277295799,
    "Andalusia": 1589.1683230311671,
    "Andorra": 1136.9650199721366,
    "Angola": 1587.3371933065214,
    "Anguilla": 907.1392611040592,
    "Antigua and Barbuda": 1133.5924099521358,
    "Arameans Suryoye": 1529.3722859415277,
    "Argentina": 2269.4370446374933,
    "Armenia": 1434.113951659289,
    "Artsakh": 1554.6781989382453,
    "Aruba": 1201.2453320775753,
    "Asturias": 1520.5297736017358,
    "Australia": 1895.4831876415603,
    "Austria": 1881.499677359038,
    "Aymara": 1475.2990606984022,
    "Azerbaijan": 1390.9528431116262,
    "Bahamas": 997.1160613657427,
    "Bahrain": 1525.628258698377,
    "Bangladesh": 1137.1974539107928,
    "Barawa": 1384.3075554154311,
    "Barbados": 1142.0718074748788,
    "Basque Country": 1791.0490189445038,
    "Belarus": 1576.7556823476107,
    "Belgium": 2030.0446933671203,
    "Belize": 1276.2597305789016,
    "Benin": 1527.8831457483361,
    "Bermuda": 1336.2264870278527,
    "Bhutan": 896.4596792585996,
    "Biafra": 1509.950914841359,
    "Bolivia": 1713.099015256967,
    "Bonaire": 1155.6347778127713,
    "Bosnia and Herzegovina": 1668.280718274594,
    "Botswana": 1380.755753160654,
    "Brazil": 2070.5726743640444,
    "British Virgin Islands": 1009.5535831986791,
    "Brittany": 1505.9871069339451,
    "Brunei": 902.8339621707421,
    "Bulgaria": 1518.711263652211,
    "Burkina Faso": 1647.2616324867115,
    "Burundi": 1381.9272016514192,
    "Cambodia": 1077.6081565023535,
    "Cameroon": 1715.949032422937,
    "Canada": 1834.0393075185304,
    "Canary Islands": 1514.4162565783265,
    "Canton Ticino": 1401.606355983037,
    "Cape Verde": 1692.2581470139007,
    "Cascadia": 1531.5406040402506,
    "Catalonia": 1650.3779125917117,
    "Cayman Islands": 1059.2338772991786,
    "Central African Republic": 1355.5361892649462,
    "Central Spain": 1495.317158400716,
    "Chad": 1242.7092557423266,
    "Chagos Islands": 1383.5901115403315,
    "Chameria": 1569.3248596471522,
    "Chechnya": 1451.16830189435,
    "Chile": 1804.5492352472932,
    "China": 1543.4557193881672,
    "Cilento": 1490.4383032422902,
    "Colombia": 2078.081495762917,
    "Comoros": 1498.0288357133115,
    "Congo": 1328.2337945661857,
    "Cook Islands": 1146.3966523749725,
    "Corsica": 1549.0473138463235,
    "Costa Rica": 1739.9142359312984,
    "County of Nice": 1599.1134631233724,
    "Crimea": 1502.480847047857,
    "Croatia": 1932.8465109742535,
    "Cuba": 1384.4540684084698,
    "Cura\u00e7ao": 1600.3665492127116,
    "Cyprus": 1361.7755898941796,
    "Czech Republic": 1742.8389245920594,
    "Czechoslovakia": 1790.436206372198,
    "DR Congo": 1804.089306870388,
    "Darfur": 1332.0605141987085,
    "Denmark": 1907.5007528469328,
    "Djibouti": 1110.5070952383476,
    "Dominica": 1178.45904319847,
    "Dominican Republic": 1461.3627747693913,
    "Donetsk PR": 1510.5251174291716,
    "D\u00e9lvid\u00e9k": 1498.8826951444078,
    "East Turkestan": 1464.865799746657,
    "Ecuador": 1957.362138045883,
    "Egypt": 1863.5345171418733,
    "El Salvador": 1484.3348003308465,
    "Elba Island": 1515.005684024564,
    "Ellan Vannin": 1525.3315810130116,
    "England": 2137.2343157376913,
    "Equatorial Guinea": 1441.5482718218996,
    "Eritrea": 1215.7204632413357,
    "Estonia": 1406.9402826827552,
    "Eswatini": 1303.1157375916343,
    "Ethiopia": 1391.762602019168,
    "Falkland Islands": 1272.6501486596003,
    "Faroe Islands": 1426.9203446714507,
    "Felvid\u00e9k": 1494.2908331532055,
    "Fiji": 1436.2568542635997,
    "Finland": 1593.184903194464,
    "France": 2179.690495932794,
    "Franconia": 1493.050351017964,
    "French Guiana": 1444.622453357052,
    "Fr\u00f8ya": 1264.273237787724,
    "Gabon": 1518.3855186584726,
    "Galicia": 1524.8087107582512,
    "Gambia": 1536.5540020947255,
    "Georgia": 1696.2211392554816,
    "German DR": 1723.771906091318,
    "Germany": 1983.101475877361,
    "Ghana": 1674.9049687565291,
    "Gibraltar": 1128.4241900687914,
    "Gotland": 1463.0481138529883,
    "Gozo": 1478.5277698380025,
    "Greece": 1779.5464739647302,
    "Greenland": 1506.0828202263003,
    "Grenada": 1289.3685352267341,
    "Guadeloupe": 1510.5147311185708,
    "Guam": 970.8613789483155,
    "Guatemala": 1637.0509233433847,
    "Guernsey": 1726.8764910138593,
    "Guinea": 1577.9857362327493,
    "Guinea-Bissau": 1358.807811353114,
    "Guyana": 1468.4930682762576,
    "G\u0103g\u0103uzia": 1451.3673657249965,
    "Haiti": 1654.1306814751808,
    "Hitra": 1374.5396309559815,
    "Hmong": 1475.14206611952,
    "Honduras": 1696.2804160631533,
    "Hong Kong": 1289.6243370039235,
    "Hungary": 1763.103955652562,
    "Iceland": 1628.8212930867378,
    "India": 1244.3854961422267,
    "Indonesia": 1512.471359498579,
    "Iran": 1893.5507954394534,
    "Iraq": 1675.084106433843,
    "Iraqi Kurdistan": 1606.5864275531762,
    "Isle of Man": 1673.5685531351917,
    "Isle of Wight": 1626.6001756855615,
    "Israel": 1680.5223324796834,
    "Italy": 1910.883241730828,
    "Ivory Coast": 1838.455270223796,
    "Jamaica": 1651.2813196012112,
    "Japan": 1961.9388189153499,
    "Jersey": 1766.911778829542,
    "Jordan": 1700.339889303833,
    "Kabylia": 1467.1247782399557,
    "Kazakhstan": 1496.1125836339934,
    "Kenya": 1455.3235344162194,
    "Kernow": 1592.1817678226823,
    "Kiribati": 1286.9382949608773,
    "Kosovo": 1751.7611248247813,
    "Kurdistan": 1545.3589419731322,
    "Kuwait": 1471.1703763915866,
    "Kyrgyzstan": 1456.0518082748652,
    "K\u00e1rp\u00e1talja": 1583.2037513375085,
    "Laos": 955.3108138413354,
    "Latvia": 1339.969484598809,
    "Lebanon": 1437.9759961576094,
    "Lesotho": 1411.6148917625412,
    "Liberia": 1435.6690794540134,
    "Libya": 1526.816319242708,
    "Liechtenstein": 988.0700564377368,
    "Lithuania": 1343.8269274976917,
    "Luhansk PR": 1489.7533074091752,
    "Luxembourg": 1459.0594797671922,
    "Macau": 845.4080665247759,
    "Madagascar": 1507.3192431228847,
    "Madrid": 1489.3834535169144,
    "Malawi": 1434.4009753387786,
    "Malaysia": 1479.6495750740144,
    "Maldives": 1021.0321301318783,
    "Mali": 1706.0120174554986,
    "Malta": 1345.4742872182285,
    "Manchukuo": 1431.22695649455,
    "Mapuche": 1505.4316155249799,
    "Marshall Islands": 1444.9697942168943,
    "Martinique": 1483.568880079796,
    "Matabeleland": 1489.3146927980338,
    "Maule Sur": 1519.269323776618,
    "Mauritania": 1440.6620249442992,
    "Mauritius": 1196.5141673026396,
    "Mayotte": 1448.9266756149073,
    "Menorca": 1555.0900084561115,
    "Mexico": 2004.9305269341205,
    "Micronesia": 1367.4518065782036,
    "Moldova": 1306.5917510846232,
    "Monaco": 1456.9642537976802,
    "Mongolia": 996.5278044246517,
    "Montenegro": 1510.1088067902137,
    "Montserrat": 1233.8502582558597,
    "Morocco": 2018.9089323102462,
    "Mozambique": 1490.174359046016,
    "Myanmar": 1145.5199310420587,
    "Namibia": 1422.0573297875865,
    "Nepal": 1111.3908168551952,
    "Netherlands": 2037.1080560560301,